neighbourhood,month,mode,forecast_weighted_index,forecast_incident_count,interval_low,interval_high,relative_activity_tier,pct_vs_typical,baseline_weighted_index,drivers,data_through,horizon_months,model
Arbutus Ridge,2026-10,forecast,900,19,592,1232,above_typical,9.9,809,Last 3 months (Jun-Aug 2026) were 1% below this area's 12-month average | August 2026 was 55% above the 12-month average | October 2025 was 26% above the latest 12-month average,2026-08,2,poisson_glm
Central Business District,2026-10,forecast,30978,858,20390,42424,below_typical,-7.2,30632,Last 3 months (Jun-Aug 2026) were 5% below this area's 12-month average | August 2026 was 3% above the 12-month average | October 2025 was 3% above the latest 12-month average,2026-08,2,poisson_glm
Dunbar-Southlands,2026-10,forecast,1105,25,727,1513,above_typical,12.9,1041,Last 3 months (Jun-Aug 2026) were 1% below this area's 12-month average | August 2026 was 31% above the 12-month average | October 2025 was 17% below the latest 12-month average,2026-08,2,poisson_glm
Fairview,2026-10,forecast,5154,131,3392,7058,typical,-0.4,4979,Last 3 months (Jun-Aug 2026) were 2% below this area's 12-month average | August 2026 was 10% above the 12-month average | October 2025 was 9% above the latest 12-month average,2026-08,2,poisson_glm
Grandview-Woodland,2026-10,forecast,5054,118,3327,6922,typical,-4.8,4841,Last 3 months (Jun-Aug 2026) were 10% above this area's 12-month average | August 2026 was 4% above the 12-month average | October 2025 was 5% above the latest 12-month average,2026-08,2,poisson_glm
Hastings-Sunrise,2026-10,forecast,3450,81,2271,4724,above_typical,6.4,3237,Last 3 months (Jun-Aug 2026) were 8% above this area's 12-month average | August 2026 was 14% above the 12-month average | October 2025 was 27% above the latest 12-month average,2026-08,2,poisson_glm
Kensington-Cedar Cottage,2026-10,forecast,5937,143,3908,8131,above_typical,9.8,5822,Last 3 months (Jun-Aug 2026) were 5% below this area's 12-month average | August 2026 was 1% below the 12-month average | October 2025 was 50% above the latest 12-month average,2026-08,2,poisson_glm
Kerrisdale,2026-10,forecast,1086,26,715,1487,below_typical,-15.4,1041,Last 3 months (Jun-Aug 2026) were 2% below this area's 12-month average | August 2026 was 10% above the 12-month average | October 2025 was 34% above the latest 12-month average,2026-08,2,poisson_glm
Killarney,2026-10,forecast,1623,39,1068,2223,below_typical,-5.4,1560,Last 3 months (Jun-Aug 2026) were 2% above this area's 12-month average | August 2026 was 3% above the 12-month average | October 2025 was 36% above the latest 12-month average,2026-08,2,poisson_glm
Kitsilano,2026-10,forecast,3699,97,2435,5066,typical,-0.9,3582,Last 3 months (Jun-Aug 2026) were 12% above this area's 12-month average | August 2026 was 2% below the 12-month average | October 2025 was 10% below the latest 12-month average,2026-08,2,poisson_glm
Marpole,2026-10,forecast,2929,71,1928,4012,typical,-3.8,2827,Last 3 months (Jun-Aug 2026) were 2% below this area's 12-month average | August 2026 was 9% above the 12-month average | October 2025 was 24% above the latest 12-month average,2026-08,2,poisson_glm
Mount Pleasant,2026-10,forecast,6717,179,4421,9199,typical,-1.0,6798,Last 3 months (Jun-Aug 2026) were 3% below this area's 12-month average | August 2026 was 10% below the 12-month average | October 2025 was 6% below the latest 12-month average,2026-08,2,poisson_glm
Musqueam,2026-10,forecast,60,2,40,82,insufficient_data,,130,Monthly counts here are too small to forecast meaningfully (about 2 reported incidents per month over the last 36 months).,2026-08,2,poisson_glm
Oakridge,2026-10,forecast,1230,32,809,1684,below_typical,-5.1,1152,Last 3 months (Jun-Aug 2026) were 5% above this area's 12-month average | August 2026 was 11% above the 12-month average | October 2025 was 52% above the latest 12-month average,2026-08,2,poisson_glm
Renfrew-Collingwood,2026-10,forecast,7231,200,4760,9903,typical,-0.3,6969,Last 3 months (Jun-Aug 2026) were 8% above this area's 12-month average | August 2026 was 9% above the 12-month average | October 2025 was 21% below the latest 12-month average,2026-08,2,poisson_glm
Riley Park,2026-10,forecast,2343,60,1542,3209,above_typical,15.4,2128,Last 3 months (Jun-Aug 2026) were 4% above this area's 12-month average | August 2026 was 36% above the 12-month average | October 2025 was 51% above the latest 12-month average,2026-08,2,poisson_glm
Shaughnessy,2026-10,forecast,954,20,628,1307,typical,-4.6,870,Last 3 months (Jun-Aug 2026) were 23% above this area's 12-month average | August 2026 was 32% above the 12-month average | October 2025 was 37% below the latest 12-month average,2026-08,2,poisson_glm
South Cambie,2026-10,forecast,1208,30,795,1654,typical,4.9,1175,Last 3 months (Jun-Aug 2026) were 2% above this area's 12-month average | August 2026 was close to the 12-month average (within 1%) | October 2025 was 11% above the latest 12-month average,2026-08,2,poisson_glm
Stanley Park,2026-10,forecast,591,19,389,810,above_typical,21.5,476,Last 3 months (Jun-Aug 2026) were 72% above this area's 12-month average | August 2026 was 62% above the 12-month average | October 2025 was 12% above the latest 12-month average,2026-08,2,poisson_glm
Strathcona,2026-10,forecast,9767,223,6429,13376,above_typical,11.1,9400,Last 3 months (Jun-Aug 2026) were 7% above this area's 12-month average | August 2026 was 8% above the 12-month average | October 2025 was 12% below the latest 12-month average,2026-08,2,poisson_glm
Sunset,2026-10,forecast,3593,94,2365,4921,typical,-0.6,3686,Last 3 months (Jun-Aug 2026) were 6% below this area's 12-month average | August 2026 was 17% below the 12-month average | October 2025 was 7% above the latest 12-month average,2026-08,2,poisson_glm
Victoria-Fraserview,2026-10,forecast,1693,42,1114,2318,below_typical,-7.2,1642,Last 3 months (Jun-Aug 2026) were 9% above this area's 12-month average | August 2026 was close to the 12-month average (within 1%) | October 2025 was 15% below the latest 12-month average,2026-08,2,poisson_glm
West End,2026-10,forecast,8766,234,5770,12004,typical,-2.0,8473,Last 3 months (Jun-Aug 2026) were 2% above this area's 12-month average | August 2026 was 8% above the 12-month average | October 2025 was 1% below the latest 12-month average,2026-08,2,poisson_glm
West Point Grey,2026-10,forecast,816,18,537,1118,below_typical,-9.1,1026,Last 3 months (Jun-Aug 2026) were 20% below this area's 12-month average | August 2026 was 68% below the 12-month average | October 2025 was 13% below the latest 12-month average,2026-08,2,poisson_glm
