target,ratios_from,scored_on,event,bin,predicted,observed,n
weighted_index,A,B,above,0-20%,0.1178,0.1569,51
weighted_index,A,B,above,20-40%,0.3012,0.1724,58
weighted_index,A,B,above,40-60%,0.4836,0.5,34
weighted_index,A,B,above,60-80%,0.6751,0.75,20
weighted_index,A,B,above,80-100%,0.8696,0.9048,21
weighted_index,A,B,below,0-20%,0.1116,0.0909,44
weighted_index,A,B,below,20-40%,0.3078,0.2969,64
weighted_index,A,B,below,40-60%,0.5136,0.641,39
weighted_index,A,B,below,60-80%,0.6794,0.6957,23
weighted_index,A,B,below,80-100%,0.8833,0.7143,14
weighted_index,B,A,above,0-20%,0.1101,0.0674,89
weighted_index,B,A,above,20-40%,0.2869,0.1975,81
weighted_index,B,A,above,40-60%,0.4976,0.4694,49
weighted_index,B,A,above,60-80%,0.6864,0.7027,37
weighted_index,B,A,above,80-100%,0.8804,0.65,20
weighted_index,B,A,below,0-20%,0.1223,0.1667,66
weighted_index,B,A,below,20-40%,0.2923,0.2286,70
weighted_index,B,A,below,40-60%,0.5007,0.5479,73
weighted_index,B,A,below,60-80%,0.693,0.75,32
weighted_index,B,A,below,80-100%,0.8762,0.8571,35
incident_count,A,B,above,0-20%,0.1123,0.0976,41
incident_count,A,B,above,20-40%,0.299,0.3016,63
incident_count,A,B,above,40-60%,0.5005,0.5806,31
incident_count,A,B,above,60-80%,0.69,0.7931,29
incident_count,A,B,above,80-100%,0.9005,0.8,20
incident_count,A,B,below,0-20%,0.1108,0.0635,63
incident_count,A,B,below,20-40%,0.3101,0.2131,61
incident_count,A,B,below,40-60%,0.492,0.4412,34
incident_count,A,B,below,60-80%,0.69,0.4667,15
incident_count,A,B,below,80-100%,0.879,0.7273,11
incident_count,B,A,above,0-20%,0.1124,0.0323,62
incident_count,B,A,above,20-40%,0.2881,0.1573,89
incident_count,B,A,above,40-60%,0.4904,0.4085,71
incident_count,B,A,above,60-80%,0.6919,0.7273,33
incident_count,B,A,above,80-100%,0.8751,0.8095,21
incident_count,B,A,below,0-20%,0.1184,0.1176,68
incident_count,B,A,below,20-40%,0.2924,0.2917,96
incident_count,B,A,below,40-60%,0.4923,0.5873,63
incident_count,B,A,below,60-80%,0.6921,0.7143,35
incident_count,B,A,below,80-100%,0.9057,0.6429,14
