target,fold,method,n,mae,rmse,wape_pct,bias_pct,mae_excl_cbd,areas_beating_mean_12,months_beating_c0,months_compared,paired_mean_diff_vs_c0,paired_t_vs_c0
weighted_index,A,mean_3,288,837.0683,1369.9284,15.0723,0.8878,703.7838,8,5,12,2335.7663,1.7114
weighted_index,A,mean_12,288,822.3822,1386.3158,14.8079,3.1702,655.221,0,3,12,1983.3011,1.9393
weighted_index,A,same_month_last_year,288,1073.5625,1854.2872,19.3306,5.7726,858.4348,2,1,12,8011.6274,4.7266
weighted_index,A,poisson_glm,288,739.7447,1179.6215,13.3199,1.4071,623.7129,17,0,12,0.0,0.0
weighted_index,A,poisson_glm_area,288,805.7834,1296.4965,14.509,6.4863,663.4314,9,3,12,1584.9294,2.9162
weighted_index,A,random_forest,288,822.0227,1330.0534,14.8014,3.9113,682.5612,9,5,12,1974.6716,1.6447
weighted_index,A,blend,288,767.6225,1258.6421,13.8219,2.2887,626.649,17,4,12,669.0667,1.3392
weighted_index,A,per_type_glm,288,881.3373,1616.1167,15.8694,5.7011,656.3043,13,0,12,3398.2232,7.1026
weighted_index,A,glm_extended,288,745.533,1206.7062,13.4241,2.1224,620.1717,15,6,12,138.9205,0.3617
weighted_index,A,hgb_poisson,288,815.6848,1380.8286,14.6873,3.7016,655.1784,12,3,12,1822.5627,2.3635
weighted_index,A,hgb_glm_blend,288,770.6013,1268.1295,13.8755,2.912,630.9804,16,7,12,740.5592,1.5217
weighted_index,A,stacked_blend,288,745.533,1206.7062,13.4241,2.1224,620.1717,15,6,12,138.9205,0.3617
weighted_index,B,mean_3,192,704.7778,1000.5185,12.8445,-0.731,651.9819,4,2,8,761.3052,0.9361
weighted_index,B,mean_12,192,630.1654,961.8467,11.4847,1.772,573.2264,0,5,8,-1029.3927,-0.9383
weighted_index,B,same_month_last_year,192,924.1875,1316.2864,16.8433,0.5623,849.163,3,1,8,6027.1386,3.8416
weighted_index,B,poisson_glm,192,673.0567,1091.0947,12.2664,-0.2187,588.3836,10,0,8,0.0,0.0
weighted_index,B,poisson_glm_area,192,721.2396,1168.0251,13.1446,4.2516,610.313,4,1,8,1156.3896,1.712
weighted_index,B,random_forest,192,705.5829,1055.741,12.8592,1.2469,599.6639,7,1,8,780.6272,0.7459
weighted_index,B,blend,192,639.9185,993.5112,11.6625,0.7767,570.5276,13,5,8,-795.3182,-1.2305
weighted_index,B,per_type_glm,192,757.4693,1245.9612,13.8048,4.1916,619.2756,6,1,8,2025.901,2.3086
weighted_index,B,glm_extended,192,681.7881,1120.5326,12.4256,0.3198,573.9373,11,3,8,209.5523,1.0911
weighted_index,B,hgb_poisson,192,687.3579,1092.8103,12.5271,0.3748,577.9005,11,4,8,343.2289,0.4965
weighted_index,B,hgb_glm_blend,192,676.3395,1085.575,12.3263,0.3473,569.4407,11,3,8,78.786,0.2073
weighted_index,B,stacked_blend,192,681.7881,1120.5326,12.4256,0.3198,573.9373,11,3,8,209.5523,1.0911
weighted_index,B,area_corrected,192,707.984,1168.86,12.903,-2.5161,615.1866,9,3,8,838.2549,1.0215
weighted_index,pooled,mean_3,480,784.1521,1235.4907,14.1877,0.245,683.063,5,7,20,1705.9819,1.9368
weighted_index,pooled,mean_12,480,745.4955,1234.1728,13.4882,2.615,622.4232,0,8,20,778.2236,0.9613
weighted_index,pooled,same_month_last_year,480,1013.8125,1660.1423,18.3429,3.7036,854.7261,1,2,20,7217.8319,6.0774
weighted_index,pooled,poisson_glm,480,713.0695,1145.0324,12.9016,0.7615,609.5812,14,0,20,0.0,0.0
weighted_index,pooled,poisson_glm_area,480,771.9659,1246.6976,13.9672,5.5989,642.184,7,4,20,1413.5135,3.4067
weighted_index,pooled,random_forest,480,775.4467,1227.7055,14.0301,2.8533,649.4022,7,6,20,1497.0538,1.8153
weighted_index,pooled,blend,480,716.5409,1159.8852,12.9644,1.6882,604.2004,16,9,20,83.3128,0.199
weighted_index,pooled,per_type_glm,480,831.7901,1479.2118,15.0496,5.1017,641.4928,9,1,20,2849.2943,6.1195
weighted_index,pooled,glm_extended,480,720.0351,1172.9967,13.0276,1.4066,601.6779,14,9,20,167.1732,0.7018
weighted_index,pooled,hgb_poisson,480,764.3541,1273.4623,13.8294,2.3805,624.2672,9,7,20,1230.8291,2.23
weighted_index,pooled,hgb_glm_blend,480,732.8966,1198.4493,13.2603,1.8936,606.3645,14,10,20,475.8499,1.4407
weighted_index,pooled,stacked_blend,480,720.0351,1172.9967,13.0276,1.4066,601.6779,14,9,20,167.1732,0.7018
weighted_index,pooled,area_corrected,192,707.984,1168.86,12.903,-2.5161,615.1866,9,3,8,838.2549,1.0215
incident_count,A,mean_3,288,14.1644,24.2135,13.0293,0.5579,11.7403,8,5,12,40.4749,1.3673
incident_count,A,mean_12,288,14.1308,24.7223,12.9984,2.3784,10.7666,0,3,12,39.6693,1.7751
incident_count,A,same_month_last_year,288,17.4306,34.067,16.0337,4.05,12.7717,6,2,12,118.8638,4.3965
incident_count,A,poisson_glm,288,12.4779,20.5737,11.478,1.4383,10.1157,17,0,12,0.0,0.0
incident_count,A,poisson_glm_area,288,12.5945,20.4869,11.5852,3.9561,10.217,16,4,12,2.7991,0.376
incident_count,A,random_forest,288,14.6823,27.0307,13.5057,3.8386,10.8513,15,2,12,52.9056,2.3637
incident_count,A,blend,288,12.9129,21.9141,11.8781,1.9084,10.1018,17,4,12,10.4393,0.8768
incident_count,A,per_type_glm,288,14.4953,27.5296,13.3337,4.263,10.344,14,0,12,48.4179,6.8509
incident_count,A,glm_extended,288,12.5992,21.235,11.5896,1.524,9.9981,18,5,12,2.9118,0.6192
incident_count,A,hgb_poisson,288,14.0506,25.9729,12.9247,3.5934,10.6317,13,3,12,37.7458,1.7609
incident_count,A,hgb_glm_blend,288,13.1257,22.7429,12.0739,2.5587,10.107,17,5,12,15.5474,1.3557
incident_count,A,stacked_blend,288,12.5992,21.235,11.5896,1.524,9.9981,18,5,12,2.9118,0.6192
incident_count,B,mean_3,192,14.3003,22.3917,12.6762,-3.0825,12.6377,5,3,8,-3.4784,-0.134
incident_count,B,mean_12,192,13.0512,21.1107,11.5689,-2.1399,11.5521,0,7,8,-33.4576,-1.859
incident_count,B,same_month_last_year,192,16.2656,25.1111,14.4183,-3.9197,14.6141,4,1,8,43.6883,2.3711
incident_count,B,poisson_glm,192,14.4453,26.4584,12.8047,-1.632,11.6108,10,0,8,0.0,0.0
incident_count,B,poisson_glm_area,192,14.521,26.8021,12.8718,0.7276,11.529,10,3,8,1.8169,0.1758
incident_count,B,random_forest,192,15.0003,27.7439,13.2966,-0.2972,11.3801,10,1,8,13.3195,0.6135
incident_count,B,blend,192,13.3731,23.0588,11.8542,-1.886,11.2574,10,7,8,-25.7335,-2.9663
incident_count,B,per_type_glm,192,14.5647,26.4475,12.9105,0.298,11.649,8,4,8,2.8652,0.2652
incident_count,B,glm_extended,192,14.6101,27.2838,12.9508,-0.5269,11.2965,10,4,8,3.9562,0.894
incident_count,B,hgb_poisson,192,14.7297,27.4311,13.0568,0.2961,11.6289,10,3,8,6.826,0.3496
incident_count,B,hgb_glm_blend,192,14.5166,26.993,12.8679,-0.1154,11.3658,10,3,8,1.7123,0.1446
incident_count,B,stacked_blend,192,14.6101,27.2838,12.9508,-0.5269,11.2965,10,4,8,3.9562,0.894
incident_count,B,area_corrected,192,14.5059,25.8669,12.8584,-1.2786,12.0504,7,4,8,1.4545,0.1183
incident_count,pooled,mean_3,480,14.2187,23.5018,12.8849,-0.9307,12.0993,5,8,20,22.8936,1.1065
incident_count,pooled,mean_12,480,13.699,23.3448,12.4139,0.5308,11.0808,0,10,20,10.4186,0.6131
incident_count,pooled,same_month_last_year,480,16.9646,30.7988,15.3731,0.791,13.5087,2,3,20,88.7936,4.5833
incident_count,pooled,poisson_glm,480,13.2649,23.1081,12.0205,0.1828,10.7138,16,0,20,0.0,0.0
incident_count,pooled,poisson_glm_area,480,13.3651,23.22,12.1113,2.6359,10.7418,13,7,20,2.4062,0.4067
incident_count,pooled,random_forest,480,14.8095,27.3182,13.4202,2.1474,11.0628,11,3,20,37.0712,2.2847
incident_count,pooled,blend,480,13.0969,22.379,11.8683,0.3568,10.5641,17,11,20,-4.0298,-0.4597
incident_count,pooled,per_type_glm,480,14.5231,27.1019,13.1606,2.6417,10.866,12,4,20,30.1968,3.874
incident_count,pooled,glm_extended,480,13.4036,23.8394,12.1462,0.6853,10.5175,15,9,20,3.3296,1.0235
incident_count,pooled,hgb_poisson,480,14.3223,26.5658,12.9787,2.2451,11.0306,11,6,20,25.3778,1.6812
incident_count,pooled,hgb_glm_blend,480,13.6821,24.5315,12.3986,1.4652,10.6105,13,8,20,10.0134,1.2076
incident_count,pooled,stacked_blend,480,13.4036,23.8394,12.1462,0.6853,10.5175,15,9,20,3.3296,1.0235
incident_count,pooled,area_corrected,192,14.5059,25.8669,12.8584,-1.2786,12.0504,7,4,8,1.4545,0.1183
