window,thresholds,low,high,reference,tier_n,tier_accuracy,tier_macro_f1,tier_majority_baseline,tier_majority_class,recall_below_typical,recall_typical,recall_above_typical,skill,forecast_below_typical,forecast_typical,forecast_above_typical,forecast_insufficient_data,history_share_below_typical,history_share_typical,history_share_above_typical,readable_map,history_typical_ok,eligible,chosen,choice_basis
12,-5/+5,-5.0,5.0,trailing_mean,460,0.3717,0.3607,0.4478,below_typical,0.4369,0.4719,0.2364,-0.0871,1,15,7,1,0.4653,0.1928,0.3419,False,False,False,False,
12,-8/+8,-8.0,8.0,trailing_mean,460,0.3739,0.3401,0.3891,below_typical,0.3017,0.6897,0.1324,-0.0491,1,18,4,1,0.4148,0.2882,0.297,False,False,False,False,
12,-10/+10,-10.0,10.0,trailing_mean,460,0.413,0.3436,0.3717,typical,0.2439,0.7953,0.112,-0.0282,1,19,3,1,0.3793,0.3548,0.2659,False,True,False,False,
12,-5/+5,-5.0,5.0,seasonal,460,0.6196,0.5388,0.4826,below_typical,0.6622,0.2982,0.6685,0.0562,11,4,8,1,0.4945,0.1206,0.3849,True,False,False,False,
12,-8/+8,-8.0,8.0,seasonal,460,0.6065,0.5809,0.4457,below_typical,0.6244,0.4944,0.6446,0.1353,10,6,7,1,0.454,0.1962,0.3498,True,False,False,False,
12,-10/+10,-10.0,10.0,seasonal,460,0.5891,0.5835,0.4239,below_typical,0.5744,0.5625,0.6275,0.1596,8,8,7,1,0.4279,0.2455,0.3265,True,False,False,True,fallback: no cell met both constraints; best skill with a readable map
24,-5/+5,-5.0,5.0,trailing_mean,460,0.4565,0.386,0.5304,below_typical,0.627,0.35,0.2132,-0.1444,2,14,7,1,0.5196,0.1691,0.3113,False,False,False,False,
24,-8/+8,-8.0,8.0,trailing_mean,460,0.4261,0.3814,0.4783,below_typical,0.5,0.5702,0.1429,-0.0969,2,14,7,1,0.4628,0.2695,0.2676,False,False,False,False,
24,-10/+10,-10.0,10.0,trailing_mean,460,0.4304,0.3616,0.4326,below_typical,0.4171,0.673,0.0784,-0.071,0,17,6,1,0.4261,0.3323,0.2416,False,True,False,False,
24,-5/+5,-5.0,5.0,seasonal,460,0.5891,0.4818,0.5848,below_typical,0.7398,0.3103,0.406,-0.103,9,9,5,1,0.5318,0.1308,0.3373,True,False,False,False,
24,-8/+8,-8.0,8.0,seasonal,460,0.5565,0.5146,0.513,below_typical,0.6737,0.4775,0.3894,0.0016,9,11,3,1,0.4826,0.2203,0.2971,True,False,False,False,
24,-10/+10,-10.0,10.0,seasonal,460,0.5565,0.5285,0.4848,below_typical,0.6502,0.5145,0.404,0.0437,7,13,3,1,0.4509,0.2755,0.2736,True,False,False,False,
36,-5/+5,-5.0,5.0,trailing_mean,460,0.5304,0.3781,0.613,below_typical,0.7411,0.2564,0.15,-0.2349,6,10,7,1,0.5626,0.1568,0.2807,True,False,False,False,
36,-8/+8,-8.0,8.0,trailing_mean,460,0.5174,0.3994,0.55,below_typical,0.6759,0.5,0.0805,-0.1506,2,15,6,1,0.5075,0.2466,0.2459,False,False,False,False,
36,-10/+10,-10.0,10.0,trailing_mean,460,0.4913,0.3854,0.5217,below_typical,0.5875,0.5755,0.0617,-0.1363,1,18,4,1,0.4728,0.3054,0.2218,False,True,False,False,
36,-5/+5,-5.0,5.0,seasonal,460,0.6043,0.4559,0.6391,below_typical,0.7857,0.16,0.3846,-0.1832,12,9,2,1,0.5682,0.1374,0.2944,False,False,False,False,
36,-8/+8,-8.0,8.0,seasonal,460,0.5783,0.4979,0.5848,below_typical,0.7323,0.3571,0.3671,-0.0869,9,13,1,1,0.5213,0.2196,0.2591,False,False,False,False,
36,-10/+10,-10.0,10.0,seasonal,460,0.5609,0.505,0.537,below_typical,0.6883,0.4532,0.3378,-0.0319,6,16,1,1,0.4803,0.2822,0.2375,False,False,False,False,
